{"mae": 1.1660986252880963, "rmse": 1.438180839373498, "mape": 6.021040312878666}